ts_iso,setting_id,benchmark,side,intent_size,applied_size,is_partial,amount_in,amount_out,fee_paid,fee_lvr_paid,rebate_paid,fee_bps_used,fee_lvr_bps,rebate_bps,floor_enforced,aomq_used,success,min_out,slippage_bps_vs_mid,pnl_quote,inventory_base,inventory_quote
2025-10-04T13:56:33.172Z,calm_retail__dnmm_lvr_600,stableswap,base_in,50,,,0,0,,,,4,0,0,false,false,false,,0.000000,0.000000,10000000000000000000000,10000000000
2025-10-04T13:56:35.672Z,calm_retail__dnmm_lvr_600,stableswap,base_in,50,,,0,0,,,,4,0,0,false,false,false,,0.000000,0.000000,10000000000000000000000,10000000000
2025-10-04T13:56:36.422Z,calm_retail__dnmm_lvr_600,stableswap,base_in,50,,,0,0,,,,4,0,0,false,false,false,,0.000000,0.000000,10000000000000000000000,10000000000
2025-10-04T13:56:38.672Z,calm_retail__dnmm_lvr_600,stableswap,quote_in,50,,,0,0,,,,4,0,0,false,false,false,,0.000000,0.000000,10000000000000000000000,10000000000
2025-10-04T13:56:41.172Z,calm_retail__dnmm_lvr_600,stableswap,quote_in,50,,,0,0,,,,4,0,0,false,false,false,,0.000000,0.000000,10000000000000000000000,10000000000
2025-10-04T13:56:48.922Z,calm_retail__dnmm_lvr_600,stableswap,quote_in,50,,,0,0,,,,4,0,0,false,false,false,,0.000000,0.000000,10000000000000000000000,10000000000
2025-10-04T13:57:00.672Z,calm_retail__dnmm_lvr_600,stableswap,base_in,50,,,0,0,,,,4,0,0,false,false,false,,0.000000,0.000000,10000000000000000000000,10000000000
2025-10-04T13:57:02.422Z,calm_retail__dnmm_lvr_600,stableswap,base_in,50,,,0,0,,,,4,0,0,false,false,false,,0.000000,0.000000,10000000000000000000000,10000000000
2025-10-04T13:57:04.172Z,calm_retail__dnmm_lvr_600,stableswap,quote_in,50,,,0,0,,,,4,0,0,false,false,false,,0.000000,0.000000,10000000000000000000000,10000000000
2025-10-04T13:57:05.672Z,calm_retail__dnmm_lvr_600,stableswap,quote_in,50,,,0,0,,,,4,0,0,false,false,false,,0.000000,0.000000,10000000000000000000000,10000000000
2025-10-04T13:57:12.922Z,calm_retail__dnmm_lvr_600,stableswap,base_in,50,,,0,0,,,,4,0,0,false,false,false,,0.000000,0.000000,10000000000000000000000,10000000000
2025-10-04T13:57:15.172Z,calm_retail__dnmm_lvr_600,stableswap,base_in,50,,,0,0,,,,4,0,0,false,false,false,,0.000000,0.000000,10000000000000000000000,10000000000
2025-10-04T13:57:17.922Z,calm_retail__dnmm_lvr_600,stableswap,quote_in,50,,,0,0,,,,4,0,0,false,false,false,,0.000000,0.000000,10000000000000000000000,10000000000
2025-10-04T13:57:18.922Z,calm_retail__dnmm_lvr_600,stableswap,base_in,50,,,0,0,,,,4,0,0,false,false,false,,0.000000,0.000000,10000000000000000000000,10000000000
2025-10-04T13:57:19.172Z,calm_retail__dnmm_lvr_600,stableswap,quote_in,50,,,0,0,,,,4,0,0,false,false,false,,0.000000,0.000000,10000000000000000000000,10000000000
2025-10-04T13:57:20.922Z,calm_retail__dnmm_lvr_600,stableswap,base_in,50,,,0,0,,,,4,0,0,false,false,false,,0.000000,0.000000,10000000000000000000000,10000000000
2025-10-04T13:57:20.922Z,calm_retail__dnmm_lvr_600,stableswap,base_in,50,,,0,0,,,,4,0,0,false,false,false,,0.000000,0.000000,10000000000000000000000,10000000000
2025-10-04T13:57:23.922Z,calm_retail__dnmm_lvr_600,stableswap,base_in,50,,,0,0,,,,4,0,0,false,false,false,,0.000000,0.000000,10000000000000000000000,10000000000
2025-10-04T13:57:37.672Z,calm_retail__dnmm_lvr_600,stableswap,base_in,50,,,0,0,,,,4,0,0,false,false,false,,0.000000,0.000000,10000000000000000000000,10000000000
2025-10-04T13:57:41.422Z,calm_retail__dnmm_lvr_600,stableswap,base_in,50,,,0,0,,,,4,0,0,false,false,false,,0.000000,0.000000,10000000000000000000000,10000000000
2025-10-04T13:57:43.672Z,calm_retail__dnmm_lvr_600,stableswap,base_in,50,,,0,0,,,,4,0,0,false,false,false,,0.000000,0.000000,10000000000000000000000,10000000000
2025-10-04T13:57:47.922Z,calm_retail__dnmm_lvr_600,stableswap,base_in,50,,,0,0,,,,4,0,0,false,false,false,,0.000000,0.000000,10000000000000000000000,10000000000
2025-10-04T13:57:48.922Z,calm_retail__dnmm_lvr_600,stableswap,base_in,50,,,0,0,,,,4,0,0,false,false,false,,0.000000,0.000000,10000000000000000000000,10000000000
2025-10-04T13:57:57.422Z,calm_retail__dnmm_lvr_600,stableswap,quote_in,50,,,0,0,,,,4,0,0,false,false,false,,0.000000,0.000000,10000000000000000000000,10000000000
2025-10-04T13:57:59.922Z,calm_retail__dnmm_lvr_600,stableswap,base_in,50,,,0,0,,,,4,0,0,false,false,false,,0.000000,0.000000,10000000000000000000000,10000000000
2025-10-04T13:58:02.172Z,calm_retail__dnmm_lvr_600,stableswap,quote_in,50,,,0,0,,,,4,0,0,false,false,false,,0.000000,0.000000,10000000000000000000000,10000000000
2025-10-04T13:58:02.172Z,calm_retail__dnmm_lvr_600,stableswap,quote_in,50,,,0,0,,,,4,0,0,false,false,false,,0.000000,0.000000,10000000000000000000000,10000000000
2025-10-04T13:58:02.172Z,calm_retail__dnmm_lvr_600,stableswap,base_in,50,,,0,0,,,,4,0,0,false,false,false,,0.000000,0.000000,10000000000000000000000,10000000000
2025-10-04T13:58:03.422Z,calm_retail__dnmm_lvr_600,stableswap,quote_in,50,,,0,0,,,,4,0,0,false,false,false,,0.000000,0.000000,10000000000000000000000,10000000000
2025-10-04T13:58:05.422Z,calm_retail__dnmm_lvr_600,stableswap,quote_in,50,,,0,0,,,,4,0,0,false,false,false,,0.000000,0.000000,10000000000000000000000,10000000000
2025-10-04T13:58:08.672Z,calm_retail__dnmm_lvr_600,stableswap,base_in,50,,,0,0,,,,4,0,0,false,false,false,,0.000000,0.000000,10000000000000000000000,10000000000
2025-10-04T13:58:10.672Z,calm_retail__dnmm_lvr_600,stableswap,base_in,50,,,0,0,,,,4,0,0,false,false,false,,0.000000,0.000000,10000000000000000000000,10000000000
2025-10-04T13:58:19.672Z,calm_retail__dnmm_lvr_600,stableswap,quote_in,50,,,0,0,,,,4,0,0,false,false,false,,0.000000,0.000000,10000000000000000000000,10000000000
2025-10-04T13:58:20.172Z,calm_retail__dnmm_lvr_600,stableswap,base_in,50,,,0,0,,,,4,0,0,false,false,false,,0.000000,0.000000,10000000000000000000000,10000000000
2025-10-04T13:58:21.672Z,calm_retail__dnmm_lvr_600,stableswap,base_in,50,,,0,0,,,,4,0,0,false,false,false,,0.000000,0.000000,10000000000000000000000,10000000000
2025-10-04T13:58:22.172Z,calm_retail__dnmm_lvr_600,stableswap,base_in,50,,,0,0,,,,4,0,0,false,false,false,,0.000000,0.000000,10000000000000000000000,10000000000
2025-10-04T13:58:23.672Z,calm_retail__dnmm_lvr_600,stableswap,quote_in,50,,,0,0,,,,4,0,0,false,false,false,,0.000000,0.000000,10000000000000000000000,10000000000
2025-10-04T13:58:34.672Z,calm_retail__dnmm_lvr_600,stableswap,base_in,50,,,0,0,,,,4,0,0,false,false,false,,0.000000,0.000000,10000000000000000000000,10000000000
2025-10-04T13:58:35.172Z,calm_retail__dnmm_lvr_600,stableswap,base_in,50,,,0,0,,,,4,0,0,false,false,false,,0.000000,0.000000,10000000000000000000000,10000000000
2025-10-04T13:58:37.422Z,calm_retail__dnmm_lvr_600,stableswap,base_in,50,,,0,0,,,,4,0,0,false,false,false,,0.000000,0.000000,10000000000000000000000,10000000000
2025-10-04T13:58:38.422Z,calm_retail__dnmm_lvr_600,stableswap,quote_in,50,,,0,0,,,,4,0,0,false,false,false,,0.000000,0.000000,10000000000000000000000,10000000000
2025-10-04T13:58:41.922Z,calm_retail__dnmm_lvr_600,stableswap,quote_in,50,,,0,0,,,,4,0,0,false,false,false,,0.000000,0.000000,10000000000000000000000,10000000000
2025-10-04T13:58:43.922Z,calm_retail__dnmm_lvr_600,stableswap,base_in,50,,,0,0,,,,4,0,0,false,false,false,,0.000000,0.000000,10000000000000000000000,10000000000
2025-10-04T13:58:45.922Z,calm_retail__dnmm_lvr_600,stableswap,quote_in,50,,,0,0,,,,4,0,0,false,false,false,,0.000000,0.000000,10000000000000000000000,10000000000
2025-10-04T13:58:47.422Z,calm_retail__dnmm_lvr_600,stableswap,quote_in,50,,,0,0,,,,4,0,0,false,false,false,,0.000000,0.000000,10000000000000000000000,10000000000
2025-10-04T13:58:48.922Z,calm_retail__dnmm_lvr_600,stableswap,quote_in,50,,,0,0,,,,4,0,0,false,false,false,,0.000000,0.000000,10000000000000000000000,10000000000
2025-10-04T13:58:49.672Z,calm_retail__dnmm_lvr_600,stableswap,base_in,50,,,0,0,,,,4,0,0,false,false,false,,0.000000,0.000000,10000000000000000000000,10000000000
2025-10-04T13:58:51.422Z,calm_retail__dnmm_lvr_600,stableswap,base_in,50,,,0,0,,,,4,0,0,false,false,false,,0.000000,0.000000,10000000000000000000000,10000000000
2025-10-04T13:58:55.172Z,calm_retail__dnmm_lvr_600,stableswap,base_in,50,,,0,0,,,,4,0,0,false,false,false,,0.000000,0.000000,10000000000000000000000,10000000000
2025-10-04T13:58:55.672Z,calm_retail__dnmm_lvr_600,stableswap,base_in,50,,,0,0,,,,4,0,0,false,false,false,,0.000000,0.000000,10000000000000000000000,10000000000
2025-10-04T13:59:00.422Z,calm_retail__dnmm_lvr_600,stableswap,base_in,50,,,0,0,,,,4,0,0,false,false,false,,0.000000,0.000000,10000000000000000000000,10000000000
2025-10-04T13:59:05.422Z,calm_retail__dnmm_lvr_600,stableswap,base_in,50,,,0,0,,,,4,0,0,false,false,false,,0.000000,0.000000,10000000000000000000000,10000000000
2025-10-04T13:59:07.922Z,calm_retail__dnmm_lvr_600,stableswap,quote_in,50,,,0,0,,,,4,0,0,false,false,false,,0.000000,0.000000,10000000000000000000000,10000000000
2025-10-04T13:59:14.672Z,calm_retail__dnmm_lvr_600,stableswap,quote_in,50,,,0,0,,,,4,0,0,false,false,false,,0.000000,0.000000,10000000000000000000000,10000000000
2025-10-04T13:59:16.422Z,calm_retail__dnmm_lvr_600,stableswap,base_in,50,,,0,0,,,,4,0,0,false,false,false,,0.000000,0.000000,10000000000000000000000,10000000000
2025-10-04T13:59:19.672Z,calm_retail__dnmm_lvr_600,stableswap,base_in,50,,,0,0,,,,4,0,0,false,false,false,,0.000000,0.000000,10000000000000000000000,10000000000
2025-10-04T13:59:24.922Z,calm_retail__dnmm_lvr_600,stableswap,base_in,50,,,0,0,,,,4,0,0,false,false,false,,0.000000,0.000000,10000000000000000000000,10000000000
2025-10-04T13:59:28.172Z,calm_retail__dnmm_lvr_600,stableswap,quote_in,50,,,0,0,,,,4,0,0,false,false,false,,0.000000,0.000000,10000000000000000000000,10000000000
2025-10-04T13:59:28.172Z,calm_retail__dnmm_lvr_600,stableswap,quote_in,50,,,0,0,,,,4,0,0,false,false,false,,0.000000,0.000000,10000000000000000000000,10000000000
2025-10-04T13:59:28.422Z,calm_retail__dnmm_lvr_600,stableswap,quote_in,50,,,0,0,,,,4,0,0,false,false,false,,0.000000,0.000000,10000000000000000000000,10000000000
2025-10-04T13:59:29.172Z,calm_retail__dnmm_lvr_600,stableswap,quote_in,50,,,0,0,,,,4,0,0,false,false,false,,0.000000,0.000000,10000000000000000000000,10000000000
2025-10-04T13:59:36.922Z,calm_retail__dnmm_lvr_600,stableswap,base_in,50,,,0,0,,,,4,0,0,false,false,false,,0.000000,0.000000,10000000000000000000000,10000000000
2025-10-04T13:59:39.922Z,calm_retail__dnmm_lvr_600,stableswap,base_in,50,,,0,0,,,,4,0,0,false,false,false,,0.000000,0.000000,10000000000000000000000,10000000000
2025-10-04T13:59:41.922Z,calm_retail__dnmm_lvr_600,stableswap,base_in,50,,,0,0,,,,4,0,0,false,false,false,,0.000000,0.000000,10000000000000000000000,10000000000
2025-10-04T13:59:41.922Z,calm_retail__dnmm_lvr_600,stableswap,base_in,50,,,0,0,,,,4,0,0,false,false,false,,0.000000,0.000000,10000000000000000000000,10000000000
2025-10-04T13:59:42.422Z,calm_retail__dnmm_lvr_600,stableswap,base_in,50,,,0,0,,,,4,0,0,false,false,false,,0.000000,0.000000,10000000000000000000000,10000000000
2025-10-04T13:59:47.172Z,calm_retail__dnmm_lvr_600,stableswap,base_in,50,,,0,0,,,,4,0,0,false,false,false,,0.000000,0.000000,10000000000000000000000,10000000000
2025-10-04T13:59:51.172Z,calm_retail__dnmm_lvr_600,stableswap,quote_in,50,,,0,0,,,,4,0,0,false,false,false,,0.000000,0.000000,10000000000000000000000,10000000000
2025-10-04T13:59:51.672Z,calm_retail__dnmm_lvr_600,stableswap,base_in,50,,,0,0,,,,4,0,0,false,false,false,,0.000000,0.000000,10000000000000000000000,10000000000
2025-10-04T13:59:55.672Z,calm_retail__dnmm_lvr_600,stableswap,quote_in,50,,,0,0,,,,4,0,0,false,false,false,,0.000000,0.000000,10000000000000000000000,10000000000
2025-10-04T13:59:57.422Z,calm_retail__dnmm_lvr_600,stableswap,base_in,50,,,0,0,,,,4,0,0,false,false,false,,0.000000,0.000000,10000000000000000000000,10000000000
2025-10-04T13:59:58.672Z,calm_retail__dnmm_lvr_600,stableswap,quote_in,50,,,0,0,,,,4,0,0,false,false,false,,0.000000,0.000000,10000000000000000000000,10000000000
2025-10-04T14:00:01.922Z,calm_retail__dnmm_lvr_600,stableswap,base_in,50,,,0,0,,,,4,0,0,false,false,false,,0.000000,0.000000,10000000000000000000000,10000000000
2025-10-04T14:00:13.172Z,calm_retail__dnmm_lvr_600,stableswap,base_in,50,,,0,0,,,,4,0,0,false,false,false,,0.000000,0.000000,10000000000000000000000,10000000000
2025-10-04T14:00:16.422Z,calm_retail__dnmm_lvr_600,stableswap,base_in,50,,,0,0,,,,4,0,0,false,false,false,,0.000000,0.000000,10000000000000000000000,10000000000
2025-10-04T14:00:19.172Z,calm_retail__dnmm_lvr_600,stableswap,quote_in,50,,,0,0,,,,4,0,0,false,false,false,,0.000000,0.000000,10000000000000000000000,10000000000
2025-10-04T14:00:22.172Z,calm_retail__dnmm_lvr_600,stableswap,quote_in,50,,,0,0,,,,4,0,0,false,false,false,,0.000000,0.000000,10000000000000000000000,10000000000
2025-10-04T14:00:25.172Z,calm_retail__dnmm_lvr_600,stableswap,quote_in,50,,,0,0,,,,4,0,0,false,false,false,,0.000000,0.000000,10000000000000000000000,10000000000
2025-10-04T14:00:25.422Z,calm_retail__dnmm_lvr_600,stableswap,quote_in,50,,,0,0,,,,4,0,0,false,false,false,,0.000000,0.000000,10000000000000000000000,10000000000
2025-10-04T14:00:28.422Z,calm_retail__dnmm_lvr_600,stableswap,base_in,50,,,0,0,,,,4,0,0,false,false,false,,0.000000,0.000000,10000000000000000000000,10000000000
2025-10-04T14:00:28.922Z,calm_retail__dnmm_lvr_600,stableswap,quote_in,50,,,0,0,,,,4,0,0,false,false,false,,0.000000,0.000000,10000000000000000000000,10000000000
2025-10-04T14:00:30.172Z,calm_retail__dnmm_lvr_600,stableswap,base_in,50,,,0,0,,,,4,0,0,false,false,false,,0.000000,0.000000,10000000000000000000000,10000000000
2025-10-04T14:00:31.172Z,calm_retail__dnmm_lvr_600,stableswap,base_in,50,,,0,0,,,,4,0,0,false,false,false,,0.000000,0.000000,10000000000000000000000,10000000000
2025-10-04T14:00:32.672Z,calm_retail__dnmm_lvr_600,stableswap,quote_in,50,,,0,0,,,,4,0,0,false,false,false,,0.000000,0.000000,10000000000000000000000,10000000000
2025-10-04T14:00:36.672Z,calm_retail__dnmm_lvr_600,stableswap,quote_in,50,,,0,0,,,,4,0,0,false,false,false,,0.000000,0.000000,10000000000000000000000,10000000000
2025-10-04T14:00:37.422Z,calm_retail__dnmm_lvr_600,stableswap,quote_in,50,,,0,0,,,,4,0,0,false,false,false,,0.000000,0.000000,10000000000000000000000,10000000000
2025-10-04T14:00:39.172Z,calm_retail__dnmm_lvr_600,stableswap,quote_in,50,,,0,0,,,,4,0,0,false,false,false,,0.000000,0.000000,10000000000000000000000,10000000000
2025-10-04T14:00:39.172Z,calm_retail__dnmm_lvr_600,stableswap,quote_in,50,,,0,0,,,,4,0,0,false,false,false,,0.000000,0.000000,10000000000000000000000,10000000000
2025-10-04T14:00:39.672Z,calm_retail__dnmm_lvr_600,stableswap,quote_in,50,,,0,0,,,,4,0,0,false,false,false,,0.000000,0.000000,10000000000000000000000,10000000000
2025-10-04T14:00:39.922Z,calm_retail__dnmm_lvr_600,stableswap,base_in,50,,,0,0,,,,4,0,0,false,false,false,,0.000000,0.000000,10000000000000000000000,10000000000
2025-10-04T14:00:41.922Z,calm_retail__dnmm_lvr_600,stableswap,quote_in,50,,,0,0,,,,4,0,0,false,false,false,,0.000000,0.000000,10000000000000000000000,10000000000
2025-10-04T14:00:43.172Z,calm_retail__dnmm_lvr_600,stableswap,base_in,50,,,0,0,,,,4,0,0,false,false,false,,0.000000,0.000000,10000000000000000000000,10000000000
2025-10-04T14:00:44.422Z,calm_retail__dnmm_lvr_600,stableswap,quote_in,50,,,0,0,,,,4,0,0,false,false,false,,0.000000,0.000000,10000000000000000000000,10000000000
2025-10-04T14:00:45.172Z,calm_retail__dnmm_lvr_600,stableswap,quote_in,50,,,0,0,,,,4,0,0,false,false,false,,0.000000,0.000000,10000000000000000000000,10000000000
2025-10-04T14:00:45.922Z,calm_retail__dnmm_lvr_600,stableswap,quote_in,50,,,0,0,,,,4,0,0,false,false,false,,0.000000,0.000000,10000000000000000000000,10000000000
2025-10-04T14:00:49.172Z,calm_retail__dnmm_lvr_600,stableswap,quote_in,50,,,0,0,,,,4,0,0,false,false,false,,0.000000,0.000000,10000000000000000000000,10000000000
2025-10-04T14:00:55.172Z,calm_retail__dnmm_lvr_600,stableswap,quote_in,50,,,0,0,,,,4,0,0,false,false,false,,0.000000,0.000000,10000000000000000000000,10000000000
2025-10-04T14:00:55.422Z,calm_retail__dnmm_lvr_600,stableswap,base_in,50,,,0,0,,,,4,0,0,false,false,false,,0.000000,0.000000,10000000000000000000000,10000000000
2025-10-04T14:00:56.422Z,calm_retail__dnmm_lvr_600,stableswap,quote_in,50,,,0,0,,,,4,0,0,false,false,false,,0.000000,0.000000,10000000000000000000000,10000000000
2025-10-04T14:00:58.922Z,calm_retail__dnmm_lvr_600,stableswap,base_in,50,,,0,0,,,,4,0,0,false,false,false,,0.000000,0.000000,10000000000000000000000,10000000000
2025-10-04T14:00:59.172Z,calm_retail__dnmm_lvr_600,stableswap,base_in,50,,,0,0,,,,4,0,0,false,false,false,,0.000000,0.000000,10000000000000000000000,10000000000
2025-10-04T14:01:00.672Z,calm_retail__dnmm_lvr_600,stableswap,base_in,50,,,0,0,,,,4,0,0,false,false,false,,0.000000,0.000000,10000000000000000000000,10000000000
2025-10-04T14:01:04.922Z,calm_retail__dnmm_lvr_600,stableswap,quote_in,50,,,0,0,,,,4,0,0,false,false,false,,0.000000,0.000000,10000000000000000000000,10000000000
2025-10-04T14:01:05.922Z,calm_retail__dnmm_lvr_600,stableswap,base_in,50,,,0,0,,,,4,0,0,false,false,false,,0.000000,0.000000,10000000000000000000000,10000000000
2025-10-04T14:01:06.922Z,calm_retail__dnmm_lvr_600,stableswap,base_in,50,,,0,0,,,,4,0,0,false,false,false,,0.000000,0.000000,10000000000000000000000,10000000000
2025-10-04T14:01:09.672Z,calm_retail__dnmm_lvr_600,stableswap,quote_in,50,,,0,0,,,,4,0,0,false,false,false,,0.000000,0.000000,10000000000000000000000,10000000000
2025-10-04T14:01:09.672Z,calm_retail__dnmm_lvr_600,stableswap,base_in,50,,,0,0,,,,4,0,0,false,false,false,,0.000000,0.000000,10000000000000000000000,10000000000
2025-10-04T14:01:22.672Z,calm_retail__dnmm_lvr_600,stableswap,base_in,50,,,0,0,,,,4,0,0,false,false,false,,0.000000,0.000000,10000000000000000000000,10000000000
2025-10-04T14:01:24.422Z,calm_retail__dnmm_lvr_600,stableswap,quote_in,50,,,0,0,,,,4,0,0,false,false,false,,0.000000,0.000000,10000000000000000000000,10000000000
2025-10-04T14:01:27.672Z,calm_retail__dnmm_lvr_600,stableswap,quote_in,50,,,0,0,,,,4,0,0,false,false,false,,0.000000,0.000000,10000000000000000000000,10000000000
2025-10-04T14:01:34.922Z,calm_retail__dnmm_lvr_600,stableswap,base_in,50,,,0,0,,,,4,0,0,false,false,false,,0.000000,0.000000,10000000000000000000000,10000000000
2025-10-04T14:01:34.922Z,calm_retail__dnmm_lvr_600,stableswap,quote_in,50,,,0,0,,,,4,0,0,false,false,false,,0.000000,0.000000,10000000000000000000000,10000000000
2025-10-04T14:01:35.172Z,calm_retail__dnmm_lvr_600,stableswap,quote_in,50,,,0,0,,,,4,0,0,false,false,false,,0.000000,0.000000,10000000000000000000000,10000000000
2025-10-04T14:01:35.422Z,calm_retail__dnmm_lvr_600,stableswap,quote_in,50,,,0,0,,,,4,0,0,false,false,false,,0.000000,0.000000,10000000000000000000000,10000000000
2025-10-04T14:01:35.672Z,calm_retail__dnmm_lvr_600,stableswap,quote_in,50,,,0,0,,,,4,0,0,false,false,false,,0.000000,0.000000,10000000000000000000000,10000000000
2025-10-04T14:01:36.172Z,calm_retail__dnmm_lvr_600,stableswap,quote_in,50,,,0,0,,,,4,0,0,false,false,false,,0.000000,0.000000,10000000000000000000000,10000000000
2025-10-04T14:01:43.922Z,calm_retail__dnmm_lvr_600,stableswap,quote_in,50,,,0,0,,,,4,0,0,false,false,false,,0.000000,0.000000,10000000000000000000000,10000000000
2025-10-04T14:01:47.422Z,calm_retail__dnmm_lvr_600,stableswap,quote_in,50,,,0,0,,,,4,0,0,false,false,false,,0.000000,0.000000,10000000000000000000000,10000000000
2025-10-04T14:01:49.172Z,calm_retail__dnmm_lvr_600,stableswap,quote_in,50,,,0,0,,,,4,0,0,false,false,false,,0.000000,0.000000,10000000000000000000000,10000000000
2025-10-04T14:01:54.172Z,calm_retail__dnmm_lvr_600,stableswap,base_in,50,,,0,0,,,,4,0,0,false,false,false,,0.000000,0.000000,10000000000000000000000,10000000000
2025-10-04T14:01:56.172Z,calm_retail__dnmm_lvr_600,stableswap,base_in,50,,,0,0,,,,4,0,0,false,false,false,,0.000000,0.000000,10000000000000000000000,10000000000
2025-10-04T14:01:57.422Z,calm_retail__dnmm_lvr_600,stableswap,quote_in,50,,,0,0,,,,4,0,0,false,false,false,,0.000000,0.000000,10000000000000000000000,10000000000
2025-10-04T14:02:02.422Z,calm_retail__dnmm_lvr_600,stableswap,quote_in,50,,,0,0,,,,4,0,0,false,false,false,,0.000000,0.000000,10000000000000000000000,10000000000
2025-10-04T14:02:03.422Z,calm_retail__dnmm_lvr_600,stableswap,base_in,50,,,0,0,,,,4,0,0,false,false,false,,0.000000,0.000000,10000000000000000000000,10000000000
2025-10-04T14:02:05.172Z,calm_retail__dnmm_lvr_600,stableswap,quote_in,50,,,0,0,,,,4,0,0,false,false,false,,0.000000,0.000000,10000000000000000000000,10000000000
2025-10-04T14:02:07.172Z,calm_retail__dnmm_lvr_600,stableswap,base_in,50,,,0,0,,,,4,0,0,false,false,false,,0.000000,0.000000,10000000000000000000000,10000000000
2025-10-04T14:02:07.172Z,calm_retail__dnmm_lvr_600,stableswap,base_in,50,,,0,0,,,,4,0,0,false,false,false,,0.000000,0.000000,10000000000000000000000,10000000000
2025-10-04T14:02:08.422Z,calm_retail__dnmm_lvr_600,stableswap,quote_in,50,,,0,0,,,,4,0,0,false,false,false,,0.000000,0.000000,10000000000000000000000,10000000000
2025-10-04T14:02:08.422Z,calm_retail__dnmm_lvr_600,stableswap,quote_in,50,,,0,0,,,,4,0,0,false,false,false,,0.000000,0.000000,10000000000000000000000,10000000000
2025-10-04T14:02:13.422Z,calm_retail__dnmm_lvr_600,stableswap,base_in,50,,,0,0,,,,4,0,0,false,false,false,,0.000000,0.000000,10000000000000000000000,10000000000
2025-10-04T14:02:13.922Z,calm_retail__dnmm_lvr_600,stableswap,base_in,50,,,0,0,,,,4,0,0,false,false,false,,0.000000,0.000000,10000000000000000000000,10000000000
2025-10-04T14:02:14.672Z,calm_retail__dnmm_lvr_600,stableswap,base_in,50,,,0,0,,,,4,0,0,false,false,false,,0.000000,0.000000,10000000000000000000000,10000000000
2025-10-04T14:02:16.422Z,calm_retail__dnmm_lvr_600,stableswap,quote_in,50,,,0,0,,,,4,0,0,false,false,false,,0.000000,0.000000,10000000000000000000000,10000000000
2025-10-04T14:02:16.672Z,calm_retail__dnmm_lvr_600,stableswap,base_in,50,,,0,0,,,,4,0,0,false,false,false,,0.000000,0.000000,10000000000000000000000,10000000000
2025-10-04T14:02:17.172Z,calm_retail__dnmm_lvr_600,stableswap,base_in,50,,,0,0,,,,4,0,0,false,false,false,,0.000000,0.000000,10000000000000000000000,10000000000
2025-10-04T14:02:21.422Z,calm_retail__dnmm_lvr_600,stableswap,base_in,50,,,0,0,,,,4,0,0,false,false,false,,0.000000,0.000000,10000000000000000000000,10000000000
2025-10-04T14:02:24.672Z,calm_retail__dnmm_lvr_600,stableswap,base_in,50,,,0,0,,,,4,0,0,false,false,false,,0.000000,0.000000,10000000000000000000000,10000000000
2025-10-04T14:02:32.422Z,calm_retail__dnmm_lvr_600,stableswap,quote_in,50,,,0,0,,,,4,0,0,false,false,false,,0.000000,0.000000,10000000000000000000000,10000000000
2025-10-04T14:02:33.422Z,calm_retail__dnmm_lvr_600,stableswap,base_in,50,,,0,0,,,,4,0,0,false,false,false,,0.000000,0.000000,10000000000000000000000,10000000000
2025-10-04T14:02:33.922Z,calm_retail__dnmm_lvr_600,stableswap,base_in,50,,,0,0,,,,4,0,0,false,false,false,,0.000000,0.000000,10000000000000000000000,10000000000
2025-10-04T14:02:35.172Z,calm_retail__dnmm_lvr_600,stableswap,base_in,50,,,0,0,,,,4,0,0,false,false,false,,0.000000,0.000000,10000000000000000000000,10000000000
2025-10-04T14:02:41.922Z,calm_retail__dnmm_lvr_600,stableswap,base_in,50,,,0,0,,,,4,0,0,false,false,false,,0.000000,0.000000,10000000000000000000000,10000000000
2025-10-04T14:02:44.172Z,calm_retail__dnmm_lvr_600,stableswap,quote_in,50,,,0,0,,,,4,0,0,false,false,false,,0.000000,0.000000,10000000000000000000000,10000000000
2025-10-04T14:02:46.922Z,calm_retail__dnmm_lvr_600,stableswap,base_in,50,,,0,0,,,,4,0,0,false,false,false,,0.000000,0.000000,10000000000000000000000,10000000000
2025-10-04T14:02:50.422Z,calm_retail__dnmm_lvr_600,stableswap,base_in,50,,,0,0,,,,4,0,0,false,false,false,,0.000000,0.000000,10000000000000000000000,10000000000
2025-10-04T14:02:52.672Z,calm_retail__dnmm_lvr_600,stableswap,base_in,50,,,0,0,,,,4,0,0,false,false,false,,0.000000,0.000000,10000000000000000000000,10000000000
2025-10-04T14:02:59.172Z,calm_retail__dnmm_lvr_600,stableswap,quote_in,50,,,0,0,,,,4,0,0,false,false,false,,0.000000,0.000000,10000000000000000000000,10000000000
2025-10-04T14:03:00.922Z,calm_retail__dnmm_lvr_600,stableswap,quote_in,50,,,0,0,,,,4,0,0,false,false,false,,0.000000,0.000000,10000000000000000000000,10000000000
2025-10-04T14:03:04.172Z,calm_retail__dnmm_lvr_600,stableswap,base_in,50,,,0,0,,,,4,0,0,false,false,false,,0.000000,0.000000,10000000000000000000000,10000000000
2025-10-04T14:03:05.172Z,calm_retail__dnmm_lvr_600,stableswap,base_in,50,,,0,0,,,,4,0,0,false,false,false,,0.000000,0.000000,10000000000000000000000,10000000000
2025-10-04T14:03:06.922Z,calm_retail__dnmm_lvr_600,stableswap,base_in,50,,,0,0,,,,4,0,0,false,false,false,,0.000000,0.000000,10000000000000000000000,10000000000
2025-10-04T14:03:10.922Z,calm_retail__dnmm_lvr_600,stableswap,quote_in,50,,,0,0,,,,4,0,0,false,false,false,,0.000000,0.000000,10000000000000000000000,10000000000
2025-10-04T14:03:17.422Z,calm_retail__dnmm_lvr_600,stableswap,quote_in,50,,,0,0,,,,4,0,0,false,false,false,,0.000000,0.000000,10000000000000000000000,10000000000
2025-10-04T14:03:24.422Z,calm_retail__dnmm_lvr_600,stableswap,base_in,50,,,0,0,,,,4,0,0,false,false,false,,0.000000,0.000000,10000000000000000000000,10000000000
2025-10-04T14:03:26.422Z,calm_retail__dnmm_lvr_600,stableswap,base_in,50,,,0,0,,,,4,0,0,false,false,false,,0.000000,0.000000,10000000000000000000000,10000000000
2025-10-04T14:03:34.672Z,calm_retail__dnmm_lvr_600,stableswap,quote_in,50,,,0,0,,,,4,0,0,false,false,false,,0.000000,0.000000,10000000000000000000000,10000000000
2025-10-04T14:03:37.172Z,calm_retail__dnmm_lvr_600,stableswap,base_in,50,,,0,0,,,,4,0,0,false,false,false,,0.000000,0.000000,10000000000000000000000,10000000000
2025-10-04T14:03:38.922Z,calm_retail__dnmm_lvr_600,stableswap,quote_in,50,,,0,0,,,,4,0,0,false,false,false,,0.000000,0.000000,10000000000000000000000,10000000000
2025-10-04T14:03:40.672Z,calm_retail__dnmm_lvr_600,stableswap,base_in,50,,,0,0,,,,4,0,0,false,false,false,,0.000000,0.000000,10000000000000000000000,10000000000
2025-10-04T14:03:43.922Z,calm_retail__dnmm_lvr_600,stableswap,base_in,50,,,0,0,,,,4,0,0,false,false,false,,0.000000,0.000000,10000000000000000000000,10000000000
2025-10-04T14:03:47.172Z,calm_retail__dnmm_lvr_600,stableswap,quote_in,50,,,0,0,,,,4,0,0,false,false,false,,0.000000,0.000000,10000000000000000000000,10000000000
2025-10-04T14:03:52.672Z,calm_retail__dnmm_lvr_600,stableswap,quote_in,50,,,0,0,,,,4,0,0,false,false,false,,0.000000,0.000000,10000000000000000000000,10000000000
2025-10-04T14:03:56.172Z,calm_retail__dnmm_lvr_600,stableswap,quote_in,50,,,0,0,,,,4,0,0,false,false,false,,0.000000,0.000000,10000000000000000000000,10000000000
2025-10-04T14:04:01.422Z,calm_retail__dnmm_lvr_600,stableswap,quote_in,50,,,0,0,,,,4,0,0,false,false,false,,0.000000,0.000000,10000000000000000000000,10000000000
2025-10-04T14:04:03.422Z,calm_retail__dnmm_lvr_600,stableswap,quote_in,50,,,0,0,,,,4,0,0,false,false,false,,0.000000,0.000000,10000000000000000000000,10000000000
2025-10-04T14:04:05.922Z,calm_retail__dnmm_lvr_600,stableswap,base_in,50,,,0,0,,,,4,0,0,false,false,false,,0.000000,0.000000,10000000000000000000000,10000000000
2025-10-04T14:04:08.922Z,calm_retail__dnmm_lvr_600,stableswap,base_in,50,,,0,0,,,,4,0,0,false,false,false,,0.000000,0.000000,10000000000000000000000,10000000000
2025-10-04T14:04:10.672Z,calm_retail__dnmm_lvr_600,stableswap,base_in,50,,,0,0,,,,4,0,0,false,false,false,,0.000000,0.000000,10000000000000000000000,10000000000
2025-10-04T14:04:10.922Z,calm_retail__dnmm_lvr_600,stableswap,base_in,50,,,0,0,,,,4,0,0,false,false,false,,0.000000,0.000000,10000000000000000000000,10000000000
2025-10-04T14:04:14.422Z,calm_retail__dnmm_lvr_600,stableswap,quote_in,50,,,0,0,,,,4,0,0,false,false,false,,0.000000,0.000000,10000000000000000000000,10000000000
2025-10-04T14:04:15.672Z,calm_retail__dnmm_lvr_600,stableswap,base_in,50,,,0,0,,,,4,0,0,false,false,false,,0.000000,0.000000,10000000000000000000000,10000000000
2025-10-04T14:04:17.172Z,calm_retail__dnmm_lvr_600,stableswap,base_in,50,,,0,0,,,,4,0,0,false,false,false,,0.000000,0.000000,10000000000000000000000,10000000000
2025-10-04T14:04:18.422Z,calm_retail__dnmm_lvr_600,stableswap,base_in,50,,,0,0,,,,4,0,0,false,false,false,,0.000000,0.000000,10000000000000000000000,10000000000
2025-10-04T14:04:22.672Z,calm_retail__dnmm_lvr_600,stableswap,quote_in,50,,,0,0,,,,4,0,0,false,false,false,,0.000000,0.000000,10000000000000000000000,10000000000
2025-10-04T14:04:24.422Z,calm_retail__dnmm_lvr_600,stableswap,base_in,50,,,0,0,,,,4,0,0,false,false,false,,0.000000,0.000000,10000000000000000000000,10000000000
2025-10-04T14:04:26.672Z,calm_retail__dnmm_lvr_600,stableswap,base_in,50,,,0,0,,,,4,0,0,false,false,false,,0.000000,0.000000,10000000000000000000000,10000000000
2025-10-04T14:04:28.422Z,calm_retail__dnmm_lvr_600,stableswap,base_in,50,,,0,0,,,,4,0,0,false,false,false,,0.000000,0.000000,10000000000000000000000,10000000000
2025-10-04T14:04:30.422Z,calm_retail__dnmm_lvr_600,stableswap,quote_in,50,,,0,0,,,,4,0,0,false,false,false,,0.000000,0.000000,10000000000000000000000,10000000000
2025-10-04T14:04:30.422Z,calm_retail__dnmm_lvr_600,stableswap,base_in,50,,,0,0,,,,4,0,0,false,false,false,,0.000000,0.000000,10000000000000000000000,10000000000
2025-10-04T14:04:40.172Z,calm_retail__dnmm_lvr_600,stableswap,base_in,50,,,0,0,,,,4,0,0,false,false,false,,0.000000,0.000000,10000000000000000000000,10000000000
2025-10-04T14:04:40.922Z,calm_retail__dnmm_lvr_600,stableswap,quote_in,50,,,0,0,,,,4,0,0,false,false,false,,0.000000,0.000000,10000000000000000000000,10000000000
2025-10-04T14:04:43.422Z,calm_retail__dnmm_lvr_600,stableswap,base_in,50,,,0,0,,,,4,0,0,false,false,false,,0.000000,0.000000,10000000000000000000000,10000000000
2025-10-04T14:04:50.422Z,calm_retail__dnmm_lvr_600,stableswap,quote_in,50,,,0,0,,,,4,0,0,false,false,false,,0.000000,0.000000,10000000000000000000000,10000000000
2025-10-04T14:04:51.672Z,calm_retail__dnmm_lvr_600,stableswap,quote_in,50,,,0,0,,,,4,0,0,false,false,false,,0.000000,0.000000,10000000000000000000000,10000000000
2025-10-04T14:04:53.422Z,calm_retail__dnmm_lvr_600,stableswap,base_in,50,,,0,0,,,,4,0,0,false,false,false,,0.000000,0.000000,10000000000000000000000,10000000000
2025-10-04T14:04:55.672Z,calm_retail__dnmm_lvr_600,stableswap,quote_in,50,,,0,0,,,,4,0,0,false,false,false,,0.000000,0.000000,10000000000000000000000,10000000000
2025-10-04T14:05:00.422Z,calm_retail__dnmm_lvr_600,stableswap,base_in,50,,,0,0,,,,4,0,0,false,false,false,,0.000000,0.000000,10000000000000000000000,10000000000
2025-10-04T14:05:00.922Z,calm_retail__dnmm_lvr_600,stableswap,base_in,50,,,0,0,,,,4,0,0,false,false,false,,0.000000,0.000000,10000000000000000000000,10000000000
2025-10-04T14:05:01.672Z,calm_retail__dnmm_lvr_600,stableswap,quote_in,50,,,0,0,,,,4,0,0,false,false,false,,0.000000,0.000000,10000000000000000000000,10000000000
2025-10-04T14:05:03.422Z,calm_retail__dnmm_lvr_600,stableswap,quote_in,50,,,0,0,,,,4,0,0,false,false,false,,0.000000,0.000000,10000000000000000000000,10000000000
2025-10-04T14:05:04.672Z,calm_retail__dnmm_lvr_600,stableswap,quote_in,50,,,0,0,,,,4,0,0,false,false,false,,0.000000,0.000000,10000000000000000000000,10000000000
2025-10-04T14:05:07.172Z,calm_retail__dnmm_lvr_600,stableswap,base_in,50,,,0,0,,,,4,0,0,false,false,false,,0.000000,0.000000,10000000000000000000000,10000000000
2025-10-04T14:05:10.172Z,calm_retail__dnmm_lvr_600,stableswap,base_in,50,,,0,0,,,,4,0,0,false,false,false,,0.000000,0.000000,10000000000000000000000,10000000000
2025-10-04T14:05:11.922Z,calm_retail__dnmm_lvr_600,stableswap,base_in,50,,,0,0,,,,4,0,0,false,false,false,,0.000000,0.000000,10000000000000000000000,10000000000
2025-10-04T14:05:12.172Z,calm_retail__dnmm_lvr_600,stableswap,quote_in,50,,,0,0,,,,4,0,0,false,false,false,,0.000000,0.000000,10000000000000000000000,10000000000
2025-10-04T14:05:15.922Z,calm_retail__dnmm_lvr_600,stableswap,quote_in,50,,,0,0,,,,4,0,0,false,false,false,,0.000000,0.000000,10000000000000000000000,10000000000
2025-10-04T14:05:15.922Z,calm_retail__dnmm_lvr_600,stableswap,base_in,50,,,0,0,,,,4,0,0,false,false,false,,0.000000,0.000000,10000000000000000000000,10000000000
2025-10-04T14:05:17.922Z,calm_retail__dnmm_lvr_600,stableswap,quote_in,50,,,0,0,,,,4,0,0,false,false,false,,0.000000,0.000000,10000000000000000000000,10000000000
2025-10-04T14:05:18.172Z,calm_retail__dnmm_lvr_600,stableswap,quote_in,50,,,0,0,,,,4,0,0,false,false,false,,0.000000,0.000000,10000000000000000000000,10000000000
2025-10-04T14:05:18.422Z,calm_retail__dnmm_lvr_600,stableswap,quote_in,50,,,0,0,,,,4,0,0,false,false,false,,0.000000,0.000000,10000000000000000000000,10000000000
2025-10-04T14:05:19.672Z,calm_retail__dnmm_lvr_600,stableswap,base_in,50,,,0,0,,,,4,0,0,false,false,false,,0.000000,0.000000,10000000000000000000000,10000000000
2025-10-04T14:05:37.172Z,calm_retail__dnmm_lvr_600,stableswap,base_in,50,,,0,0,,,,4,0,0,false,false,false,,0.000000,0.000000,10000000000000000000000,10000000000
2025-10-04T14:05:39.672Z,calm_retail__dnmm_lvr_600,stableswap,quote_in,50,,,0,0,,,,4,0,0,false,false,false,,0.000000,0.000000,10000000000000000000000,10000000000
2025-10-04T14:05:42.172Z,calm_retail__dnmm_lvr_600,stableswap,quote_in,50,,,0,0,,,,4,0,0,false,false,false,,0.000000,0.000000,10000000000000000000000,10000000000
2025-10-04T14:05:43.422Z,calm_retail__dnmm_lvr_600,stableswap,quote_in,50,,,0,0,,,,4,0,0,false,false,false,,0.000000,0.000000,10000000000000000000000,10000000000
2025-10-04T14:05:47.172Z,calm_retail__dnmm_lvr_600,stableswap,quote_in,50,,,0,0,,,,4,0,0,false,false,false,,0.000000,0.000000,10000000000000000000000,10000000000
2025-10-04T14:05:49.922Z,calm_retail__dnmm_lvr_600,stableswap,quote_in,50,,,0,0,,,,4,0,0,false,false,false,,0.000000,0.000000,10000000000000000000000,10000000000
2025-10-04T14:05:50.422Z,calm_retail__dnmm_lvr_600,stableswap,quote_in,50,,,0,0,,,,4,0,0,false,false,false,,0.000000,0.000000,10000000000000000000000,10000000000
2025-10-04T14:05:51.922Z,calm_retail__dnmm_lvr_600,stableswap,quote_in,50,,,0,0,,,,4,0,0,false,false,false,,0.000000,0.000000,10000000000000000000000,10000000000
2025-10-04T14:05:57.422Z,calm_retail__dnmm_lvr_600,stableswap,base_in,50,,,0,0,,,,4,0,0,false,false,false,,0.000000,0.000000,10000000000000000000000,10000000000
2025-10-04T14:05:57.672Z,calm_retail__dnmm_lvr_600,stableswap,base_in,50,,,0,0,,,,4,0,0,false,false,false,,0.000000,0.000000,10000000000000000000000,10000000000
2025-10-04T14:06:05.172Z,calm_retail__dnmm_lvr_600,stableswap,base_in,50,,,0,0,,,,4,0,0,false,false,false,,0.000000,0.000000,10000000000000000000000,10000000000
2025-10-04T14:06:05.922Z,calm_retail__dnmm_lvr_600,stableswap,quote_in,50,,,0,0,,,,4,0,0,false,false,false,,0.000000,0.000000,10000000000000000000000,10000000000
2025-10-04T14:06:10.422Z,calm_retail__dnmm_lvr_600,stableswap,base_in,50,,,0,0,,,,4,0,0,false,false,false,,0.000000,0.000000,10000000000000000000000,10000000000
2025-10-04T14:06:12.172Z,calm_retail__dnmm_lvr_600,stableswap,quote_in,50,,,0,0,,,,4,0,0,false,false,false,,0.000000,0.000000,10000000000000000000000,10000000000
2025-10-04T14:06:15.172Z,calm_retail__dnmm_lvr_600,stableswap,base_in,50,,,0,0,,,,4,0,0,false,false,false,,0.000000,0.000000,10000000000000000000000,10000000000
2025-10-04T14:06:16.422Z,calm_retail__dnmm_lvr_600,stableswap,quote_in,50,,,0,0,,,,4,0,0,false,false,false,,0.000000,0.000000,10000000000000000000000,10000000000
